temp_avg,temp_max,temp_min,temp_rate,time_outside_range_sec,humidity_avg,humidity_variance,humidity_spike_count,door_open_count,door_open_duration_sec,max_door_open_time_sec,bias,class
-2.9793010714759642,-3.2006911795910797,-2.3149553747072478,-2.5280261202688243,-2.2729302894177983,0.058175055323525016,0.08391014334105415,-0.10144396362027057,-2.0903223811171783,-2.269373581145212,-1.6047450628394857,-9.670970345436391,SAFE
2.7449811587001807,0.39626277115620673,0.9450465654069197,-0.1814786569182255,-2.4444265020608293,-0.049030356340345624,-0.05695170769532742,0.08378665718130185,-0.14857176739952077,9.4923675926338,-12.627473456044696,-2.15185517006603,WARNING
1.1675745613401523,1.7137165148389462,0.42275147419593817,1.3194936700426647,2.3388775396181565,0.013588157148234019,0.004738683706780679,0.0066080586970600555,1.6561223891668502,1.5708865515390615,2.0593580924442594,-4.848883697780875,HIGH_RISK
